{"Title":"DotNetDev.AspNetCore.Http.Benchmarks.Benchmarks-20250918-215057","HostEnvironmentInfo":{"BenchmarkDotNetCaption":"BenchmarkDotNet","BenchmarkDotNetVersion":"0.15.2","OsVersion":"Linux Ubuntu 24.04.3 LTS (Noble Numbat)","ProcessorName":"AMD EPYC 7763","PhysicalProcessorCount":1,"PhysicalCoreCount":2,"LogicalCoreCount":4,"RuntimeVersion":".NET 10.0.0 (10.0.25.45207)","Architecture":"X64","HasAttachedDebugger":false,"HasRyuJit":true,"Configuration":"RELEASE","DotNetCliVersion":"10.0.100-rc.1.25451.107","ChronometerFrequency":{"Hertz":1000000000},"HardwareTimerKind":"Unknown"},"Benchmarks":[{"DisplayInfo":"Benchmarks.Sha256: DefaultJob","Namespace":"DotNetDev.AspNetCore.Http.Benchmarks","Type":"Benchmarks","Method":"Sha256","MethodTitle":"Sha256","Parameters":"","FullName":"DotNetDev.AspNetCore.Http.Benchmarks.Benchmarks.Sha256","HardwareIntrinsics":"AVX2,AES,BMI1,BMI2,FMA,LZCNT,PCLMUL,POPCNT VectorSize=256","Statistics":{"OriginalValues":[6858.368049621582,6831.830856323242,6832.315132141113,6831.368957519531,6811.379127502441,6838.091972351074,6840.189598083496,6828.286094665527,6820.038009643555,6840.88020324707,6835.262741088867,6815.940567016602,6814.953918457031],"N":13,"Min":6811.379127502441,"LowerFence":6792.957065582275,"Q1":6820.038009643555,"Median":6831.830856323242,"Mean":6830.685017512395,"Q3":6838.091972351074,"UpperFence":6865.1729164123535,"Max":6858.368049621582,"InterquartileRange":18.05396270751953,"LowerOutliers":[],"UpperOutliers":[],"AllOutliers":[],"StandardError":3.578410111500705,"Variance":166.46524603917632,"StandardDeviation":12.902141141654603,"Skewness":0.29107036792534974,"Kurtosis":2.4151186488520997,"ConfidenceInterval":{"N":13,"Mean":6830.685017512395,"StandardError":3.578410111500705,"Level":12,"Margin":15.450827984443835,"Lower":6815.234189527951,"Upper":6846.135845496839},"Percentiles":{"P0":6811.379127502441,"P25":6820.038009643555,"P50":6831.830856323242,"P67":6835.375910339355,"P80":6839.350547790527,"P85":6840.3277191162115,"P90":6840.742082214355,"P95":6847.875341796875,"P100":6858.368049621582}},"Memory":{"Gen0Collections":0,"Gen1Collections":0,"Gen2Collections":0,"TotalOperations":131072,"BytesAllocatedPerOperation":112},"Measurements":[{"IterationMode":"Overhead","IterationStage":"Jitting","LaunchIndex":1,"IterationIndex":1,"Operations":1,"Nanoseconds":231040},{"IterationMode":"Workload","IterationStage":"Jitting","LaunchIndex":1,"IterationIndex":1,"Operations":1,"Nanoseconds":544584},{"IterationMode":"Overhead","IterationStage":"Jitting","LaunchIndex":1,"IterationIndex":2,"Operations":16,"Nanoseconds":463674},{"IterationMode":"Workload","IterationStage":"Jitting","LaunchIndex":1,"IterationIndex":2,"Operations":16,"Nanoseconds":764765},{"IterationMode":"Workload","IterationStage":"Pilot","LaunchIndex":1,"IterationIndex":1,"Operations":16,"Nanoseconds":250226},{"IterationMode":"Workload","IterationStage":"Pilot","LaunchIndex":1,"IterationIndex":2,"Operations":32,"Nanoseconds":455638},{"IterationMode":"Workload","IterationStage":"Pilot","LaunchIndex":1,"IterationIndex":3,"Operations":64,"Nanoseconds":1117821},{"IterationMode":"Workload","IterationStage":"Pilot","LaunchIndex":1,"IterationIndex":4,"Operations":128,"Nanoseconds":2311655},{"IterationMode":"Workload","IterationStage":"Pilot","LaunchIndex":1,"IterationIndex":5,"Operations":256,"Nanoseconds":4818033},{"IterationMode":"Workload","IterationStage":"Pilot","LaunchIndex":1,"IterationIndex":6,"Operations":512,"Nanoseconds":9785393},{"IterationMode":"Workload","IterationStage":"Pilot","LaunchIndex":1,"IterationIndex":7,"Operations":1024,"Nanoseconds":19581556},{"IterationMode":"Workload","IterationStage":"Pilot","LaunchIndex":1,"IterationIndex":8,"Operations":2048,"Nanoseconds":38510638},{"IterationMode":"Workload","IterationStage":"Pilot","LaunchIndex":1,"IterationIndex":9,"Operations":4096,"Nanoseconds":77762987},{"IterationMode":"Workload","IterationStage":"Pilot","LaunchIndex":1,"IterationIndex":10,"Operations":8192,"Nanoseconds":157444384},{"IterationMode":"Workload","IterationStage":"Pilot","LaunchIndex":1,"IterationIndex":11,"Operations":16384,"Nanoseconds":227323857},{"IterationMode":"Workload","IterationStage":"Pilot","LaunchIndex":1,"IterationIndex":12,"Operations":32768,"Nanoseconds":226497496},{"IterationMode":"Workload","IterationStage":"Pilot","LaunchIndex":1,"IterationIndex":13,"Operations":65536,"Nanoseconds":452976570},{"IterationMode":"Workload","IterationStage":"Pilot","LaunchIndex":1,"IterationIndex":14,"Operations":131072,"Nanoseconds":906102429},{"IterationMode":"Overhead","IterationStage":"Warmup","LaunchIndex":1,"IterationIndex":1,"Operations":131072,"Nanoseconds":599307},{"IterationMode":"Overhead","IterationStage":"Warmup","LaunchIndex":1,"IterationIndex":2,"Operations":131072,"Nanoseconds":998331},{"IterationMode":"Overhead","IterationStage":"Warmup","LaunchIndex":1,"IterationIndex":3,"Operations":131072,"Nanoseconds":1012528},{"IterationMode":"Overhead","IterationStage":"Warmup","LaunchIndex":1,"IterationIndex":4,"Operations":131072,"Nanoseconds":1020573},{"IterationMode":"Overhead","IterationStage":"Warmup","LaunchIndex":1,"IterationIndex":5,"Operations":131072,"Nanoseconds":1017917},{"IterationMode":"Overhead","IterationStage":"Warmup","LaunchIndex":1,"IterationIndex":6,"Operations":131072,"Nanoseconds":1025402},{"IterationMode":"Overhead","IterationStage":"Warmup","LaunchIndex":1,"IterationIndex":7,"Operations":131072,"Nanoseconds":1031072},{"IterationMode":"Overhead","IterationStage":"Warmup","LaunchIndex":1,"IterationIndex":8,"Operations":131072,"Nanoseconds":1028337},{"IterationMode":"Overhead","IterationStage":"Actual","LaunchIndex":1,"IterationIndex":1,"Operations":131072,"Nanoseconds":999894},{"IterationMode":"Overhead","IterationStage":"Actual","LaunchIndex":1,"IterationIndex":2,"Operations":131072,"Nanoseconds":551728},{"IterationMode":"Overhead","IterationStage":"Actual","LaunchIndex":1,"IterationIndex":3,"Operations":131072,"Nanoseconds":551798},{"IterationMode":"Overhead","IterationStage":"Actual","LaunchIndex":1,"IterationIndex":4,"Operations":131072,"Nanoseconds":566947},{"IterationMode":"Overhead","IterationStage":"Actual","LaunchIndex":1,"IterationIndex":5,"Operations":131072,"Nanoseconds":566727},{"IterationMode":"Overhead","IterationStage":"Actual","LaunchIndex":1,"IterationIndex":6,"Operations":131072,"Nanoseconds":551668},{"IterationMode":"Overhead","IterationStage":"Actual","LaunchIndex":1,"IterationIndex":7,"Operations":131072,"Nanoseconds":551679},{"IterationMode":"Overhead","IterationStage":"Actual","LaunchIndex":1,"IterationIndex":8,"Operations":131072,"Nanoseconds":551548},{"IterationMode":"Overhead","IterationStage":"Actual","LaunchIndex":1,"IterationIndex":9,"Operations":131072,"Nanoseconds":569922},{"IterationMode":"Overhead","IterationStage":"Actual","LaunchIndex":1,"IterationIndex":10,"Operations":131072,"Nanoseconds":551588},{"IterationMode":"Overhead","IterationStage":"Actual","LaunchIndex":1,"IterationIndex":11,"Operations":131072,"Nanoseconds":551608},{"IterationMode":"Overhead","IterationStage":"Actual","LaunchIndex":1,"IterationIndex":12,"Operations":131072,"Nanoseconds":566846},{"IterationMode":"Overhead","IterationStage":"Actual","LaunchIndex":1,"IterationIndex":13,"Operations":131072,"Nanoseconds":630255},{"IterationMode":"Overhead","IterationStage":"Actual","LaunchIndex":1,"IterationIndex":14,"Operations":131072,"Nanoseconds":567097},{"IterationMode":"Overhead","IterationStage":"Actual","LaunchIndex":1,"IterationIndex":15,"Operations":131072,"Nanoseconds":982682},{"IterationMode":"Overhead","IterationStage":"Warmup","LaunchIndex":1,"IterationIndex":1,"Operations":131072,"Nanoseconds":962745},{"IterationMode":"Overhead","IterationStage":"Warmup","LaunchIndex":1,"IterationIndex":2,"Operations":131072,"Nanoseconds":1044908},{"IterationMode":"Overhead","IterationStage":"Warmup","LaunchIndex":1,"IterationIndex":3,"Operations":131072,