{"Title":"DotNetDev.AspNetCore.Http.Benchmarks.Benchmarks-20250918-192551","HostEnvironmentInfo":{"BenchmarkDotNetCaption":"BenchmarkDotNet","BenchmarkDotNetVersion":"0.15.2","OsVersion":"Linux Ubuntu 24.04.3 LTS (Noble Numbat)","ProcessorName":"AMD EPYC 7763","PhysicalProcessorCount":1,"PhysicalCoreCount":2,"LogicalCoreCount":4,"RuntimeVersion":".NET 10.0.0 (10.0.25.45207)","Architecture":"X64","HasAttachedDebugger":false,"HasRyuJit":true,"Configuration":"RELEASE","DotNetCliVersion":"10.0.100-rc.1.25451.107","ChronometerFrequency":{"Hertz":1000000000},"HardwareTimerKind":"Unknown"},"Benchmarks":[{"DisplayInfo":"Benchmarks.Sha256: DefaultJob","Namespace":"DotNetDev.AspNetCore.Http.Benchmarks","Type":"Benchmarks","Method":"Sha256","MethodTitle":"Sha256","Parameters":"","FullName":"DotNetDev.AspNetCore.Http.Benchmarks.Benchmarks.Sha256","HardwareIntrinsics":"AVX2,AES,BMI1,BMI2,FMA,LZCNT,PCLMUL,POPCNT VectorSize=256","Statistics":{"OriginalValues":[6893.306541442871,6870.258392333984,6841.363708496094,6827.93327331543,6822.9552001953125,6817.139472961426,6818.688148498535,6816.634460449219,6891.431098937988,6844.800354003906,6845.883041381836,6827.306770324707,6860.285675048828,6818.417610168457],"N":14,"Min":6816.634460449219,"LowerFence":6764.359753608704,"Q1":6819.7549114227295,"Median":6834.648490905762,"Mean":6842.600267682757,"Q3":6856.68501663208,"UpperFence":6912.080174446106,"Max":6893.306541442871,"InterquartileRange":36.930105209350586,"LowerOutliers":[],"UpperOutliers":[],"AllOutliers":[],"StandardError":7.173085331508544,"Variance":720.3441444234425,"StandardDeviation":26.83922771659875,"Skewness":0.729304717284906,"Kurtosis":2.0335919254918826,"ConfidenceInterval":{"N":14,"Mean":6842.600267682757,"StandardError":7.173085331508544,"Level":12,"Margin":30.27638614314413,"Lower":6812.323881539613,"Upper":6872.876653825901},"Percentiles":{"P0":6816.634460449219,"P25":6819.7549114227295,"P50":6834.648490905762,"P67":6845.569062042236,"P80":6864.274761962892,"P85":6871.317027664185,"P90":6885.079286956787,"P95":6892.087503814697,"P100":6893.306541442871}},"Memory":{"Gen0Collections":0,"Gen1Collections":0,"Gen2Collections":0,"TotalOperations":131072,"BytesAllocatedPerOperation":112},"Measurements":[{"IterationMode":"Overhead","IterationStage":"Jitting","LaunchIndex":1,"IterationIndex":1,"Operations":1,"Nanoseconds":205151},{"IterationMode":"Workload","IterationStage":"Jitting","LaunchIndex":1,"IterationIndex":1,"Operations":1,"Nanoseconds":461589},{"IterationMode":"Overhead","IterationStage":"Jitting","LaunchIndex":1,"IterationIndex":2,"Operations":16,"Nanoseconds":440279},{"IterationMode":"Workload","IterationStage":"Jitting","LaunchIndex":1,"IterationIndex":2,"Operations":16,"Nanoseconds":743053},{"IterationMode":"Workload","IterationStage":"Pilot","LaunchIndex":1,"IterationIndex":1,"Operations":16,"Nanoseconds":255725},{"IterationMode":"Workload","IterationStage":"Pilot","LaunchIndex":1,"IterationIndex":2,"Operations":32,"Nanoseconds":470225},{"IterationMode":"Workload","IterationStage":"Pilot","LaunchIndex":1,"IterationIndex":3,"Operations":64,"Nanoseconds":1050103},{"IterationMode":"Workload","IterationStage":"Pilot","LaunchIndex":1,"IterationIndex":4,"Operations":128,"Nanoseconds":2248092},{"IterationMode":"Workload","IterationStage":"Pilot","LaunchIndex":1,"IterationIndex":5,"Operations":256,"Nanoseconds":4555644},{"IterationMode":"Workload","IterationStage":"Pilot","LaunchIndex":1,"IterationIndex":6,"Operations":512,"Nanoseconds":9193832},{"IterationMode":"Workload","IterationStage":"Pilot","LaunchIndex":1,"IterationIndex":7,"Operations":1024,"Nanoseconds":18697802},{"IterationMode":"Workload","IterationStage":"Pilot","LaunchIndex":1,"IterationIndex":8,"Operations":2048,"Nanoseconds":37923964},{"IterationMode":"Workload","IterationStage":"Pilot","LaunchIndex":1,"IterationIndex":9,"Operations":4096,"Nanoseconds":77973460},{"IterationMode":"Workload","IterationStage":"Pilot","LaunchIndex":1,"IterationIndex":10,"Operations":8192,"Nanoseconds":159105647},{"IterationMode":"Workload","IterationStage":"Pilot","LaunchIndex":1,"IterationIndex":11,"Operations":16384,"Nanoseconds":229487617},{"IterationMode":"Workload","IterationStage":"Pilot","LaunchIndex":1,"IterationIndex":12,"Operations":32768,"Nanoseconds":229018614},{"IterationMode":"Workload","IterationStage":"Pilot","LaunchIndex":1,"IterationIndex":13,"Operations":65536,"Nanoseconds":454939726},{"IterationMode":"Workload","IterationStage":"Pilot","LaunchIndex":1,"IterationIndex":14,"Operations":131072,"Nanoseconds":905092838},{"IterationMode":"Overhead","IterationStage":"Warmup","LaunchIndex":1,"IterationIndex":1,"Operations":131072,"Nanoseconds":569269},{"IterationMode":"Overhead","IterationStage":"Warmup","LaunchIndex":1,"IterationIndex":2,"Operations":131072,"Nanoseconds":953503},{"IterationMode":"Overhead","IterationStage":"Warmup","LaunchIndex":1,"IterationIndex":3,"Operations":131072,"Nanoseconds":1005430},{"IterationMode":"Overhead","IterationStage":"Warmup","LaunchIndex":1,"IterationIndex":4,"Operations":131072,"Nanoseconds":1006441},{"IterationMode":"Overhead","IterationStage":"Warmup","LaunchIndex":1,"IterationIndex":5,"Operations":131072,"Nanoseconds":1025798},{"IterationMode":"Overhead","IterationStage":"Warmup","LaunchIndex":1,"IterationIndex":6,"Operations":131072,"Nanoseconds":1048290},{"IterationMode":"Overhead","IterationStage":"Warmup","LaunchIndex":1,"IterationIndex":7,"Operations":131072,"Nanoseconds":1045875},{"IterationMode":"Overhead","IterationStage":"Warmup","LaunchIndex":1,"IterationIndex":8,"Operations":131072,"Nanoseconds":981506},{"IterationMode":"Overhead","IterationStage":"Warmup","LaunchIndex":1,"IterationIndex":9,"Operations":131072,"Nanoseconds":1018084},{"IterationMode":"Overhead","IterationStage":"Warmup","LaunchIndex":1,"IterationIndex":10,"Operations":131072,"Nanoseconds":1010700},{"IterationMode":"Overhead","IterationStage":"Actual","LaunchIndex":1,"IterationIndex":1,"Operations":131072,"Nanoseconds":577354},{"IterationMode":"Overhead","IterationStage":"Actual","LaunchIndex":1,"IterationIndex":2,"Operations":131072,"Nanoseconds":552027},{"IterationMode":"Overhead","IterationStage":"Actual","LaunchIndex":1,"IterationIndex":3,"Operations":131072,"Nanoseconds":571052},{"IterationMode":"Overhead","IterationStage":"Actual","LaunchIndex":1,"IterationIndex":4,"Operations":131072,"Nanoseconds":551977},{"IterationMode":"Overhead","IterationStage":"Actual","LaunchIndex":1,"IterationIndex":5,"Operations":131072,"Nanoseconds":566864},{"IterationMode":"Overhead","IterationStage":"Actual","LaunchIndex":1,"IterationIndex":6,"Operations":131072,"Nanoseconds":568428},{"IterationMode":"Overhead","IterationStage":"Actual","LaunchIndex":1,"IterationIndex":7,"Operations":131072,"Nanoseconds":566303},{"IterationMode":"Overhead","IterationStage":"Actual","LaunchIndex":1,"IterationIndex":8,"Operations":131072,"Nanoseconds":570090},{"IterationMode":"Overhead","IterationStage":"Actual","LaunchIndex":1,"IterationIndex":9,"Operations":131072,"Nanoseconds":566604},{"IterationMode":"Overhead","IterationStage":"Actual","LaunchIndex":1,"IterationIndex":10,"Operations":131072,"Nanoseconds":555022},{"IterationMode":"Overhead","IterationStage":"Actual","LaunchIndex":1,"IterationIndex":11,"Operations":131072,"Nanoseconds":551817},{"IterationMode":"Overhead","IterationStage":"Actual","LaunchIndex":1,"IterationIndex":12,"Operations":131072,"Nanoseconds":1009588},{"IterationMode":"Overhead","IterationStage":"Actual","LaunchIndex":1,"IterationIndex":13,"Operations":131072,"Nanoseconds":986845},{"IterationMode":"Overhead","IterationStage":"Actual","LaunchIndex":1,"IterationIndex":14,"Operations":131072,"Nanoseconds":988549},{"IterationMode":"Overhead","IterationStage":"Actual","LaunchIndex":1,"IterationIndex":15,"Operations":131072,"Nanoseconds":1034534},{"IterationMode":"Overhead","IterationStage":"Actual","LaunchIndex":1,"IterationIndex":16,"Operations":131072,