{"Title":"DotNetDev.AspNetCore.Http.Benchmarks.Benchmarks-20250918-215420","HostEnvironmentInfo":{"BenchmarkDotNetCaption":"BenchmarkDotNet","BenchmarkDotNetVersion":"0.15.2","OsVersion":"Linux Ubuntu 24.04.3 LTS (Noble Numbat)","ProcessorName":"AMD EPYC 7763","PhysicalProcessorCount":1,"PhysicalCoreCount":2,"LogicalCoreCount":4,"RuntimeVersion":".NET 10.0.0 (10.0.25.45207)","Architecture":"X64","HasAttachedDebugger":false,"HasRyuJit":true,"Configuration":"RELEASE","DotNetCliVersion":"10.0.100-rc.1.25451.107","ChronometerFrequency":{"Hertz":1000000000},"HardwareTimerKind":"Unknown"},"Benchmarks":[{"DisplayInfo":"Benchmarks.Sha256: DefaultJob","Namespace":"DotNetDev.AspNetCore.Http.Benchmarks","Type":"Benchmarks","Method":"Sha256","MethodTitle":"Sha256","Parameters":"","FullName":"DotNetDev.AspNetCore.Http.Benchmarks.Benchmarks.Sha256","HardwareIntrinsics":"AVX2,AES,BMI1,BMI2,FMA,LZCNT,PCLMUL,POPCNT VectorSize=256","Statistics":{"OriginalValues":[6839.8378982543945,6847.693756103516,6847.654159545898,6846.160873413086,6851.414573669434,6849.860748291016,6832.83113861084,6838.048484802246,6826.88444519043,6840.524490356445,6843.492431640625,6850.0806884765625,6840.476119995117],"N":13,"Min":6826.88444519043,"LowerFence":6828.054111480713,"Q1":6839.8378982543945,"Median":6843.492431640625,"Mean":6842.689216026893,"Q3":6847.693756103516,"UpperFence":6859.477542877197,"Max":6851.414573669434,"InterquartileRange":7.855857849121094,"LowerOutliers":[6826.88444519043],"UpperOutliers":[],"AllOutliers":[6826.88444519043],"StandardError":2.0108885553244824,"Variance":52.56774616515478,"StandardDeviation":7.250361795466126,"Skewness":-0.6706663787206018,"Kurtosis":2.3723068211337384,"ConfidenceInterval":{"N":13,"Mean":6842.689216026893,"StandardError":2.0108885553244824,"Level":12,"Margin":8.682597074144565,"Lower":6834.006618952748,"Upper":6851.371813101037},"Percentiles":{"P0":6826.88444519043,"P25":6839.8378982543945,"P50":6843.492431640625,"P67":6847.655743408203,"P80":6848.993951416016,"P85":6849.904736328125,"P90":6850.036700439454,"P95":6850.614242553711,"P100":6851.414573669434}},"Memory":{"Gen0Collections":0,"Gen1Collections":0,"Gen2Collections":0,"TotalOperations":131072,"BytesAllocatedPerOperation":112},"Measurements":[{"IterationMode":"Overhead","IterationStage":"Jitting","LaunchIndex":1,"IterationIndex":1,"Operations":1,"Nanoseconds":240391},{"IterationMode":"Workload","IterationStage":"Jitting","LaunchIndex":1,"IterationIndex":1,"Operations":1,"Nanoseconds":476654},{"IterationMode":"Overhead","IterationStage":"Jitting","LaunchIndex":1,"IterationIndex":2,"Operations":16,"Nanoseconds":756410},{"IterationMode":"Workload","IterationStage":"Jitting","LaunchIndex":1,"IterationIndex":2,"Operations":16,"Nanoseconds":1179403},{"IterationMode":"Workload","IterationStage":"Pilot","LaunchIndex":1,"IterationIndex":1,"Operations":16,"Nanoseconds":256441},{"IterationMode":"Workload","IterationStage":"Pilot","LaunchIndex":1,"IterationIndex":2,"Operations":32,"Nanoseconds":469120},{"IterationMode":"Workload","IterationStage":"Pilot","LaunchIndex":1,"IterationIndex":3,"Operations":64,"Nanoseconds":1077802},{"IterationMode":"Workload","IterationStage":"Pilot","LaunchIndex":1,"IterationIndex":4,"Operations":128,"Nanoseconds":2211009},{"IterationMode":"Workload","IterationStage":"Pilot","LaunchIndex":1,"IterationIndex":5,"Operations":256,"Nanoseconds":4522435},{"IterationMode":"Workload","IterationStage":"Pilot","LaunchIndex":1,"IterationIndex":6,"Operations":512,"Nanoseconds":9325107},{"IterationMode":"Workload","IterationStage":"Pilot","LaunchIndex":1,"IterationIndex":7,"Operations":1024,"Nanoseconds":19004418},{"IterationMode":"Workload","IterationStage":"Pilot","LaunchIndex":1,"IterationIndex":8,"Operations":2048,"Nanoseconds":40389656},{"IterationMode":"Workload","IterationStage":"Pilot","LaunchIndex":1,"IterationIndex":9,"Operations":4096,"Nanoseconds":76184295},{"IterationMode":"Workload","IterationStage":"Pilot","LaunchIndex":1,"IterationIndex":10,"Operations":8192,"Nanoseconds":155687298},{"IterationMode":"Workload","IterationStage":"Pilot","LaunchIndex":1,"IterationIndex":11,"Operations":16384,"Nanoseconds":227041911},{"IterationMode":"Workload","IterationStage":"Pilot","LaunchIndex":1,"IterationIndex":12,"Operations":32768,"Nanoseconds":226854019},{"IterationMode":"Workload","IterationStage":"Pilot","LaunchIndex":1,"IterationIndex":13,"Operations":65536,"Nanoseconds":453497943},{"IterationMode":"Workload","IterationStage":"Pilot","LaunchIndex":1,"IterationIndex":14,"Operations":131072,"Nanoseconds":905202578},{"IterationMode":"Overhead","IterationStage":"Warmup","LaunchIndex":1,"IterationIndex":1,"Operations":131072,"Nanoseconds":968787},{"IterationMode":"Overhead","IterationStage":"Warmup","LaunchIndex":1,"IterationIndex":2,"Operations":131072,"Nanoseconds":1004916},{"IterationMode":"Overhead","IterationStage":"Warmup","LaunchIndex":1,"IterationIndex":3,"Operations":131072,"Nanoseconds":1002250},{"IterationMode":"Overhead","IterationStage":"Warmup","LaunchIndex":1,"IterationIndex":4,"Operations":131072,"Nanoseconds":1013783},{"IterationMode":"Overhead","IterationStage":"Warmup","LaunchIndex":1,"IterationIndex":5,"Operations":131072,"Nanoseconds":1002882},{"IterationMode":"Overhead","IterationStage":"Actual","LaunchIndex":1,"IterationIndex":1,"Operations":131072,"Nanoseconds":1021838},{"IterationMode":"Overhead","IterationStage":"Actual","LaunchIndex":1,"IterationIndex":2,"Operations":131072,"Nanoseconds":1009374},{"IterationMode":"Overhead","IterationStage":"Actual","LaunchIndex":1,"IterationIndex":3,"Operations":131072,"Nanoseconds":574481},{"IterationMode":"Overhead","IterationStage":"Actual","LaunchIndex":1,"IterationIndex":4,"Operations":131072,"Nanoseconds":552228},{"IterationMode":"Overhead","IterationStage":"Actual","LaunchIndex":1,"IterationIndex":5,"Operations":131072,"Nanoseconds":575072},{"IterationMode":"Overhead","IterationStage":"Actual","LaunchIndex":1,"IterationIndex":6,"Operations":131072,"Nanoseconds":552609},{"IterationMode":"Overhead","IterationStage":"Actual","LaunchIndex":1,"IterationIndex":7,"Operations":131072,"Nanoseconds":551868},{"IterationMode":"Overhead","IterationStage":"Actual","LaunchIndex":1,"IterationIndex":8,"Operations":131072,"Nanoseconds":551957},{"IterationMode":"Overhead","IterationStage":"Actual","LaunchIndex":1,"IterationIndex":9,"Operations":131072,"Nanoseconds":551868},{"IterationMode":"Overhead","IterationStage":"Actual","LaunchIndex":1,"IterationIndex":10,"Operations":131072,"Nanoseconds":551908},{"IterationMode":"Overhead","IterationStage":"Actual","LaunchIndex":1,"IterationIndex":11,"Operations":131072,"Nanoseconds":551817},{"IterationMode":"Overhead","IterationStage":"Actual","LaunchIndex":1,"IterationIndex":12,"Operations":131072,"Nanoseconds":551857},{"IterationMode":"Overhead","IterationStage":"Actual","LaunchIndex":1,"IterationIndex":13,"Operations":131072,"Nanoseconds":573018},{"IterationMode":"Overhead","IterationStage":"Actual","LaunchIndex":1,"IterationIndex":14,"Operations":131072,"Nanoseconds":572698},{"IterationMode":"Overhead","IterationStage":"Actual","LaunchIndex":1,"IterationIndex":15,"Operations":131072,"Nanoseconds":572417},{"IterationMode":"Overhead","IterationStage":"Warmup","LaunchIndex":1,"IterationIndex":1,"Operations":131072,"Nanoseconds":959488},{"IterationMode":"Overhead","IterationStage":"Warmup","LaunchIndex":1,"IterationIndex":2,"Operations":131072,"Nanoseconds":961493},{"IterationMode":"Overhead","IterationStage":"Warmup","LaunchIndex":1,"IterationIndex":3,"Operations":131072,"Nanoseconds":993253},{"IterationMode":"Overhead","IterationStage":"Warmup","LaunchIndex":1,"IterationIndex":4,"Operations":131072,"Nanoseconds":961242},{"IterationMode":"Overhead","IterationStage":"Warmup","LaunchIndex":1,"IterationIndex":5,"Operations":131072,"Nanoseconds":1002180},{"IterationMode":"Overhead","IterationStage":"Warmup","LaunchIndex":1,"IterationIndex":6,"Operations":131072,