{"Title":"DotNetDev.AspNetCore.Http.Benchmarks.Benchmarks-20250918-233405","HostEnvironmentInfo":{"BenchmarkDotNetCaption":"BenchmarkDotNet","BenchmarkDotNetVersion":"0.15.2","OsVersion":"Linux Ubuntu 24.04.3 LTS (Noble Numbat)","ProcessorName":"AMD EPYC 7763","PhysicalProcessorCount":1,"PhysicalCoreCount":2,"LogicalCoreCount":4,"RuntimeVersion":".NET 10.0.0 (10.0.25.45207)","Architecture":"X64","HasAttachedDebugger":false,"HasRyuJit":true,"Configuration":"RELEASE","DotNetCliVersion":"10.0.100-rc.1.25451.107","ChronometerFrequency":{"Hertz":1000000000},"HardwareTimerKind":"Unknown"},"Benchmarks":[{"DisplayInfo":"Benchmarks.Sha256: DefaultJob","Namespace":"DotNetDev.AspNetCore.Http.Benchmarks","Type":"Benchmarks","Method":"Sha256","MethodTitle":"Sha256","Parameters":"","FullName":"DotNetDev.AspNetCore.Http.Benchmarks.Benchmarks.Sha256","HardwareIntrinsics":"AVX2,AES,BMI1,BMI2,FMA,LZCNT,PCLMUL,POPCNT VectorSize=256","Statistics":{"OriginalValues":[6902.658798217773,6890.602668762207,6870.455223083496,6852.404426574707,6846.546585083008,6827.997123718262,6818.65234375,6844.216194152832,6846.293647766113,6858.80916595459,6852.253883361816,6824.346244812012,6831.187362670898,6890.189834594727],"N":14,"Min":6818.65234375,"LowerFence":6784.79586315155,"Q1":6834.444570541382,"Median":6849.400234222412,"Mean":6854.043821607317,"Q3":6867.5437088012695,"UpperFence":6917.192416191101,"Max":6902.658798217773,"InterquartileRange":33.099138259887695,"LowerOutliers":[],"UpperOutliers":[],"AllOutliers":[],"StandardError":6.974301564582488,"Variance":680.9723523923284,"StandardDeviation":26.095446966709122,"Skewness":0.45636095762552253,"Kurtosis":1.8866260334820573,"ConfidenceInterval":{"N":14,"Mean":6854.043821607317,"StandardError":6.974301564582488,"Level":12,"Margin":29.437353313016583,"Lower":6824.606468294301,"Upper":6883.481174920334},"Percentiles":{"P0":6818.65234375,"P25":6834.444570541382,"P50":6849.400234222412,"P67":6856.951791534424,"P80":6878.349067687988,"P85":6890.2104763031,"P90":6890.478818511963,"P95":6894.822314071655,"P100":6902.658798217773}},"Memory":{"Gen0Collections":0,"Gen1Collections":0,"Gen2Collections":0,"TotalOperations":131072,"BytesAllocatedPerOperation":112},"Measurements":[{"IterationMode":"Overhead","IterationStage":"Jitting","LaunchIndex":1,"IterationIndex":1,"Operations":1,"Nanoseconds":230870},{"IterationMode":"Workload","IterationStage":"Jitting","LaunchIndex":1,"IterationIndex":1,"Operations":1,"Nanoseconds":498207},{"IterationMode":"Overhead","IterationStage":"Jitting","LaunchIndex":1,"IterationIndex":2,"Operations":16,"Nanoseconds":744265},{"IterationMode":"Workload","IterationStage":"Jitting","LaunchIndex":1,"IterationIndex":2,"Operations":16,"Nanoseconds":1221081},{"IterationMode":"Workload","IterationStage":"Pilot","LaunchIndex":1,"IterationIndex":1,"Operations":16,"Nanoseconds":281373},{"IterationMode":"Workload","IterationStage":"Pilot","LaunchIndex":1,"IterationIndex":2,"Operations":32,"Nanoseconds":468922},{"IterationMode":"Workload","IterationStage":"Pilot","LaunchIndex":1,"IterationIndex":3,"Operations":64,"Nanoseconds":1057077},{"IterationMode":"Workload","IterationStage":"Pilot","LaunchIndex":1,"IterationIndex":4,"Operations":128,"Nanoseconds":2235929},{"IterationMode":"Workload","IterationStage":"Pilot","LaunchIndex":1,"IterationIndex":5,"Operations":256,"Nanoseconds":4684464},{"IterationMode":"Workload","IterationStage":"Pilot","LaunchIndex":1,"IterationIndex":6,"Operations":512,"Nanoseconds":9219882},{"IterationMode":"Workload","IterationStage":"Pilot","LaunchIndex":1,"IterationIndex":7,"Operations":1024,"Nanoseconds":18595785},{"IterationMode":"Workload","IterationStage":"Pilot","LaunchIndex":1,"IterationIndex":8,"Operations":2048,"Nanoseconds":37770235},{"IterationMode":"Workload","IterationStage":"Pilot","LaunchIndex":1,"IterationIndex":9,"Operations":4096,"Nanoseconds":81789173},{"IterationMode":"Workload","IterationStage":"Pilot","LaunchIndex":1,"IterationIndex":10,"Operations":8192,"Nanoseconds":154409263},{"IterationMode":"Workload","IterationStage":"Pilot","LaunchIndex":1,"IterationIndex":11,"Operations":16384,"Nanoseconds":224049094},{"IterationMode":"Workload","IterationStage":"Pilot","LaunchIndex":1,"IterationIndex":12,"Operations":32768,"Nanoseconds":227575926},{"IterationMode":"Workload","IterationStage":"Pilot","LaunchIndex":1,"IterationIndex":13,"Operations":65536,"Nanoseconds":451958190},{"IterationMode":"Workload","IterationStage":"Pilot","LaunchIndex":1,"IterationIndex":14,"Operations":131072,"Nanoseconds":906114049},{"IterationMode":"Overhead","IterationStage":"Warmup","LaunchIndex":1,"IterationIndex":1,"Operations":131072,"Nanoseconds":968282},{"IterationMode":"Overhead","IterationStage":"Warmup","LaunchIndex":1,"IterationIndex":2,"Operations":131072,"Nanoseconds":551736},{"IterationMode":"Overhead","IterationStage":"Warmup","LaunchIndex":1,"IterationIndex":3,"Operations":131072,"Nanoseconds":591911},{"IterationMode":"Overhead","IterationStage":"Warmup","LaunchIndex":1,"IterationIndex":4,"Operations":131072,"Nanoseconds":613531},{"IterationMode":"Overhead","IterationStage":"Warmup","LaunchIndex":1,"IterationIndex":5,"Operations":131072,"Nanoseconds":570772},{"IterationMode":"Overhead","IterationStage":"Warmup","LaunchIndex":1,"IterationIndex":6,"Operations":131072,"Nanoseconds":611989},{"IterationMode":"Overhead","IterationStage":"Warmup","LaunchIndex":1,"IterationIndex":7,"Operations":131072,"Nanoseconds":551656},{"IterationMode":"Overhead","IterationStage":"Actual","LaunchIndex":1,"IterationIndex":1,"Operations":131072,"Nanoseconds":554872},{"IterationMode":"Overhead","IterationStage":"Actual","LaunchIndex":1,"IterationIndex":2,"Operations":131072,"Nanoseconds":581181},{"IterationMode":"Overhead","IterationStage":"Actual","LaunchIndex":1,"IterationIndex":3,"Operations":131072,"Nanoseconds":582864},{"IterationMode":"Overhead","IterationStage":"Actual","LaunchIndex":1,"IterationIndex":4,"Operations":131072,"Nanoseconds":551727},{"IterationMode":"Overhead","IterationStage":"Actual","LaunchIndex":1,"IterationIndex":5,"Operations":131072,"Nanoseconds":575300},{"IterationMode":"Overhead","IterationStage":"Actual","LaunchIndex":1,"IterationIndex":6,"Operations":131072,"Nanoseconds":616227},{"IterationMode":"Overhead","IterationStage":"Actual","LaunchIndex":1,"IterationIndex":7,"Operations":131072,"Nanoseconds":617469},{"IterationMode":"Overhead","IterationStage":"Actual","LaunchIndex":1,"IterationIndex":8,"Operations":131072,"Nanoseconds":592011},{"IterationMode":"Overhead","IterationStage":"Actual","LaunchIndex":1,"IterationIndex":9,"Operations":131072,"Nanoseconds":591981},{"IterationMode":"Overhead","IterationStage":"Actual","LaunchIndex":1,"IterationIndex":10,"Operations":131072,"Nanoseconds":592041},{"IterationMode":"Overhead","IterationStage":"Actual","LaunchIndex":1,"IterationIndex":11,"Operations":131072,"Nanoseconds":605757},{"IterationMode":"Overhead","IterationStage":"Actual","LaunchIndex":1,"IterationIndex":12,"Operations":131072,"Nanoseconds":604966},{"IterationMode":"Overhead","IterationStage":"Actual","LaunchIndex":1,"IterationIndex":13,"Operations":131072,"Nanoseconds":617539},{"IterationMode":"Overhead","IterationStage":"Actual","LaunchIndex":1,"IterationIndex":14,"Operations":131072,"Nanoseconds":606999},{"IterationMode":"Overhead","IterationStage":"Actual","LaunchIndex":1,"IterationIndex":15,"Operations":131072,"Nanoseconds":592031},{"IterationMode":"Overhead","IterationStage":"Warmup","LaunchIndex":1,"IterationIndex":1,"Operations":131072,"Nanoseconds":583234},{"IterationMode":"Overhead","IterationStage":"Warmup","LaunchIndex":1,"IterationIndex":2,"Operations":131072,"Nanoseconds":565542},{"IterationMode":"Overhead","IterationStage":"Warmup","LaunchIndex":1,"IterationIndex":3,"Operations":131072,"Nanoseconds":552468},{"IterationMode":"Overhead","IterationStage":"Warmup","LaunchIndex":1,"IterationIndex":4,"Operations":131072,"Nanoseconds":551596},{"IterationMode":"Overhead",