{"Title":"DotNetDev.AspNetCore.Http.Benchmarks.Benchmarks-20250919-132549","HostEnvironmentInfo":{"BenchmarkDotNetCaption":"BenchmarkDotNet","BenchmarkDotNetVersion":"0.15.2","OsVersion":"Linux Ubuntu 24.04.3 LTS (Noble Numbat)","ProcessorName":"AMD EPYC 7763","PhysicalProcessorCount":1,"PhysicalCoreCount":2,"LogicalCoreCount":4,"RuntimeVersion":".NET 10.0.0 (10.0.25.45207)","Architecture":"X64","HasAttachedDebugger":false,"HasRyuJit":true,"Configuration":"RELEASE","DotNetCliVersion":"10.0.100-rc.1.25451.107","ChronometerFrequency":{"Hertz":1000000000},"HardwareTimerKind":"Unknown"},"Benchmarks":[{"DisplayInfo":"Benchmarks.Sha256: DefaultJob","Namespace":"DotNetDev.AspNetCore.Http.Benchmarks","Type":"Benchmarks","Method":"Sha256","MethodTitle":"Sha256","Parameters":"","FullName":"DotNetDev.AspNetCore.Http.Benchmarks.Benchmarks.Sha256","HardwareIntrinsics":"AVX2,AES,BMI1,BMI2,FMA,LZCNT,PCLMUL,POPCNT VectorSize=256","Statistics":{"OriginalValues":[6880.629829406738,6876.349090576172,6856.583831787109,6872.077423095703,6845.566123962402,6836.566566467285,6856.276718139648,6870.477394104004,6859.569519042969,6882.808204650879,6877.939468383789,6860.922103881836,6848.932273864746,6865.539093017578],"N":14,"Min":6836.566566467285,"LowerFence":6827.961980819702,"Q1":6856.353496551514,"Median":6863.230598449707,"Mean":6863.5884028843475,"Q3":6875.281173706055,"UpperFence":6903.672689437866,"Max":6882.808204650879,"InterquartileRange":18.927677154541016,"LowerOutliers":[],"UpperOutliers":[],"AllOutliers":[],"StandardError":3.7412871028645442,"Variance":195.96120860484805,"StandardDeviation":13.998614524475201,"Skewness":-0.30003210440971234,"Kurtosis":1.8369459180732857,"ConfidenceInterval":{"N":14,"Mean":6863.5884028843475,"StandardError":3.7412871028645442,"Level":12,"Margin":15.79134330120537,"Lower":6847.797059583142,"Upper":6879.379746185553},"Percentiles":{"P0":6836.566566467285,"P25":6856.353496551514,"P50":6863.230598449707,"P67":6871.61341468811,"P80":6876.985241699219,"P85":6878.073986434936,"P90":6879.822721099854,"P95":6881.392260742187,"P100":6882.808204650879}},"Memory":{"Gen0Collections":0,"Gen1Collections":0,"Gen2Collections":0,"TotalOperations":131072,"BytesAllocatedPerOperation":112},"Measurements":[{"IterationMode":"Overhead","IterationStage":"Jitting","LaunchIndex":1,"IterationIndex":1,"Operations":1,"Nanoseconds":210214},{"IterationMode":"Workload","IterationStage":"Jitting","LaunchIndex":1,"IterationIndex":1,"Operations":1,"Nanoseconds":456735},{"IterationMode":"Overhead","IterationStage":"Jitting","LaunchIndex":1,"IterationIndex":2,"Operations":16,"Nanoseconds":452126},{"IterationMode":"Workload","IterationStage":"Jitting","LaunchIndex":1,"IterationIndex":2,"Operations":16,"Nanoseconds":743392},{"IterationMode":"Workload","IterationStage":"Pilot","LaunchIndex":1,"IterationIndex":1,"Operations":16,"Nanoseconds":266058},{"IterationMode":"Workload","IterationStage":"Pilot","LaunchIndex":1,"IterationIndex":2,"Operations":32,"Nanoseconds":462195},{"IterationMode":"Workload","IterationStage":"Pilot","LaunchIndex":1,"IterationIndex":3,"Operations":64,"Nanoseconds":1102844},{"IterationMode":"Workload","IterationStage":"Pilot","LaunchIndex":1,"IterationIndex":4,"Operations":128,"Nanoseconds":2280429},{"IterationMode":"Workload","IterationStage":"Pilot","LaunchIndex":1,"IterationIndex":5,"Operations":256,"Nanoseconds":4641579},{"IterationMode":"Workload","IterationStage":"Pilot","LaunchIndex":1,"IterationIndex":6,"Operations":512,"Nanoseconds":9316480},{"IterationMode":"Workload","IterationStage":"Pilot","LaunchIndex":1,"IterationIndex":7,"Operations":1024,"Nanoseconds":18786853},{"IterationMode":"Workload","IterationStage":"Pilot","LaunchIndex":1,"IterationIndex":8,"Operations":2048,"Nanoseconds":38035083},{"IterationMode":"Workload","IterationStage":"Pilot","LaunchIndex":1,"IterationIndex":9,"Operations":4096,"Nanoseconds":76125650},{"IterationMode":"Workload","IterationStage":"Pilot","LaunchIndex":1,"IterationIndex":10,"Operations":8192,"Nanoseconds":153637683},{"IterationMode":"Workload","IterationStage":"Pilot","LaunchIndex":1,"IterationIndex":11,"Operations":16384,"Nanoseconds":231938209},{"IterationMode":"Workload","IterationStage":"Pilot","LaunchIndex":1,"IterationIndex":12,"Operations":32768,"Nanoseconds":226536955},{"IterationMode":"Workload","IterationStage":"Pilot","LaunchIndex":1,"IterationIndex":13,"Operations":65536,"Nanoseconds":454177856},{"IterationMode":"Workload","IterationStage":"Pilot","LaunchIndex":1,"IterationIndex":14,"Operations":131072,"Nanoseconds":907011173},{"IterationMode":"Overhead","IterationStage":"Warmup","LaunchIndex":1,"IterationIndex":1,"Operations":131072,"Nanoseconds":784468},{"IterationMode":"Overhead","IterationStage":"Warmup","LaunchIndex":1,"IterationIndex":2,"Operations":131072,"Nanoseconds":602578},{"IterationMode":"Overhead","IterationStage":"Warmup","LaunchIndex":1,"IterationIndex":3,"Operations":131072,"Nanoseconds":955128},{"IterationMode":"Overhead","IterationStage":"Warmup","LaunchIndex":1,"IterationIndex":4,"Operations":131072,"Nanoseconds":996545},{"IterationMode":"Overhead","IterationStage":"Warmup","LaunchIndex":1,"IterationIndex":5,"Operations":131072,"Nanoseconds":1002136},{"IterationMode":"Overhead","IterationStage":"Warmup","LaunchIndex":1,"IterationIndex":6,"Operations":131072,"Nanoseconds":1016543},{"IterationMode":"Overhead","IterationStage":"Warmup","LaunchIndex":1,"IterationIndex":7,"Operations":131072,"Nanoseconds":1011263},{"IterationMode":"Overhead","IterationStage":"Warmup","LaunchIndex":1,"IterationIndex":8,"Operations":131072,"Nanoseconds":1010151},{"IterationMode":"Overhead","IterationStage":"Warmup","LaunchIndex":1,"IterationIndex":9,"Operations":131072,"Nanoseconds":1021933},{"IterationMode":"Overhead","IterationStage":"Warmup","LaunchIndex":1,"IterationIndex":10,"Operations":131072,"Nanoseconds":1003118},{"IterationMode":"Overhead","IterationStage":"Actual","LaunchIndex":1,"IterationIndex":1,"Operations":131072,"Nanoseconds":576399},{"IterationMode":"Overhead","IterationStage":"Actual","LaunchIndex":1,"IterationIndex":2,"Operations":131072,"Nanoseconds":577451},{"IterationMode":"Overhead","IterationStage":"Actual","LaunchIndex":1,"IterationIndex":3,"Operations":131072,"Nanoseconds":551753},{"IterationMode":"Overhead","IterationStage":"Actual","LaunchIndex":1,"IterationIndex":4,"Operations":131072,"Nanoseconds":566511},{"IterationMode":"Overhead","IterationStage":"Actual","LaunchIndex":1,"IterationIndex":5,"Operations":131072,"Nanoseconds":551642},{"IterationMode":"Overhead","IterationStage":"Actual","LaunchIndex":1,"IterationIndex":6,"Operations":131072,"Nanoseconds":592008},{"IterationMode":"Overhead","IterationStage":"Actual","LaunchIndex":1,"IterationIndex":7,"Operations":131072,"Nanoseconds":551663},{"IterationMode":"Overhead","IterationStage":"Actual","LaunchIndex":1,"IterationIndex":8,"Operations":131072,"Nanoseconds":789739},{"IterationMode":"Overhead","IterationStage":"Actual","LaunchIndex":1,"IterationIndex":9,"Operations":131072,"Nanoseconds":615142},{"IterationMode":"Overhead","IterationStage":"Actual","LaunchIndex":1,"IterationIndex":10,"Operations":131072,"Nanoseconds":599542},{"IterationMode":"Overhead","IterationStage":"Actual","LaunchIndex":1,"IterationIndex":11,"Operations":131072,"Nanoseconds":975056},{"IterationMode":"Overhead","IterationStage":"Actual","LaunchIndex":1,"IterationIndex":12,"Operations":131072,"Nanoseconds":955138},{"IterationMode":"Overhead","IterationStage":"Actual","LaunchIndex":1,"IterationIndex":13,"Operations":131072,"Nanoseconds":991406},{"IterationMode":"Overhead","IterationStage":"Actual","LaunchIndex":1,"IterationIndex":14,"Operations":131072,"Nanoseconds":1039486},{"IterationMode":"Overhead","IterationStage":"Actual","LaunchIndex":1,"IterationIndex":15,"Operations":131072,"Nanoseconds":964576},{"IterationMode":"Overhead","IterationStage":"Actual","LaunchIndex":1,"IterationIndex":16,"Operations":131072,